timestamp, index, utilization.gpu [%], power.draw [W], clocks.applications.memory [MHz], clocks.applications.graphics [MHz]
2025/03/22 04:03:20.944, 1, 0, 36.94, 1215, 765
2025/03/22 04:03:21.963, 1, 0, 36.72, 1215, 765
2025/03/22 04:03:22.967, 1, 0, 36.83, 1215, 765
2025/03/22 04:03:23.973, 1, 0, 36.73, 1215, 765
2025/03/22 04:03:24.978, 1, 0, 36.82, 1215, 765
2025/03/22 04:03:25.982, 1, 0, 36.83, 1215, 765
2025/03/22 04:03:26.988, 1, 0, 36.72, 1215, 765
2025/03/22 04:03:27.991, 1, 0, 36.74, 1215, 765
2025/03/22 04:03:28.995, 1, 0, 36.73, 1215, 765
2025/03/22 04:03:30.000, 1, 0, 36.63, 1215, 765
2025/03/22 04:03:31.004, 1, 0, 36.73, 1215, 765
2025/03/22 04:03:32.010, 1, 0, 36.63, 1215, 765
2025/03/22 04:03:33.013, 1, 0, 36.53, 1215, 765
2025/03/22 04:03:34.017, 1, 0, 36.53, 1215, 765
2025/03/22 04:03:35.022, 1, 0, 36.63, 1215, 765
2025/03/22 04:03:36.028, 1, 0, 36.53, 1215, 765
2025/03/22 04:03:37.032, 1, 0, 36.54, 1215, 765
2025/03/22 04:03:38.035, 1, 0, 36.44, 1215, 765
2025/03/22 04:03:39.039, 1, 0, 36.44, 1215, 765
2025/03/22 04:03:40.046, 1, 0, 36.43, 1215, 765
2025/03/22 04:03:41.049, 1, 52, 39.50, 1215, 765
2025/03/22 04:03:42.053, 1, 14, 38.34, 1215, 765
2025/03/22 04:03:43.062, 1, 7, 38.35, 1215, 765
2025/03/22 04:03:44.065, 1, 0, 38.34, 1215, 765
2025/03/22 04:03:45.069, 1, 0, 38.34, 1215, 765
2025/03/22 04:03:46.076, 1, 0, 38.23, 1215, 765
2025/03/22 04:03:47.080, 1, 0, 38.24, 1215, 765
2025/03/22 04:03:48.086, 1, 0, 38.24, 1215, 765
2025/03/22 04:03:49.089, 1, 0, 38.14, 1215, 765
2025/03/22 04:03:50.092, 1, 0, 38.24, 1215, 765
2025/03/22 04:03:51.097, 1, 0, 38.24, 1215, 765
2025/03/22 04:03:52.101, 1, 0, 38.23, 1215, 765
2025/03/22 04:03:53.105, 1, 0, 38.03, 1215, 765
2025/03/22 04:03:54.107, 1, 0, 38.03, 1215, 765
2025/03/22 04:03:55.111, 1, 0, 38.03, 1215, 765
2025/03/22 04:03:56.115, 1, 0, 38.02, 1215, 765
2025/03/22 04:03:57.120, 1, 0, 38.03, 1215, 765
2025/03/22 04:03:58.124, 1, 0, 37.82, 1215, 765
2025/03/22 04:03:59.128, 1, 0, 37.82, 1215, 765
2025/03/22 04:04:00.133, 1, 0, 38.03, 1215, 765
2025/03/22 04:04:01.137, 1, 0, 37.83, 1215, 765
2025/03/22 04:04:02.139, 1, 0, 37.93, 1215, 765
2025/03/22 04:04:03.142, 1, 0, 37.93, 1215, 765
2025/03/22 04:04:04.146, 1, 0, 37.93, 1215, 765
2025/03/22 04:04:05.150, 1, 0, 37.83, 1215, 765
2025/03/22 04:04:06.155, 1, 0, 37.93, 1215, 765
2025/03/22 04:04:07.159, 1, 0, 37.82, 1215, 765
2025/03/22 04:04:08.162, 1, 0, 37.72, 1215, 765
2025/03/22 04:04:09.167, 1, 0, 37.93, 1215, 765
2025/03/22 04:04:10.171, 1, 0, 37.73, 1215, 765
2025/03/22 04:04:11.176, 1, 0, 38.02, 1215, 765
2025/03/22 04:04:12.181, 1, 0, 37.93, 1215, 765
2025/03/22 04:04:13.185, 1, 0, 37.74, 1215, 765
2025/03/22 04:04:14.189, 1, 0, 37.92, 1215, 765
2025/03/22 04:04:15.192, 1, 0, 37.83, 1215, 765
2025/03/22 04:04:16.196, 1, 0, 37.83, 1215, 765
2025/03/22 04:04:17.199, 1, 0, 37.83, 1215, 765
2025/03/22 04:04:18.207, 1, 0, 37.83, 1215, 765
2025/03/22 04:04:19.211, 1, 0, 37.72, 1215, 765
2025/03/22 04:04:20.216, 1, 0, 37.72, 1215, 765
2025/03/22 04:04:21.222, 1, 0, 37.82, 1215, 765
2025/03/22 04:04:22.227, 1, 0, 37.72, 1215, 765
2025/03/22 04:04:23.231, 1, 97, 103.55, 1215, 765
2025/03/22 04:04:24.234, 1, 97, 102.32, 1215, 765
2025/03/22 04:04:25.239, 1, 97, 106.45, 1215, 765
2025/03/22 04:04:26.247, 1, 97, 105.36, 1215, 765
2025/03/22 04:04:27.250, 1, 97, 104.26, 1215, 765
2025/03/22 04:04:28.257, 1, 97, 109.18, 1215, 765
2025/03/22 04:04:29.260, 1, 97, 105.29, 1215, 765
2025/03/22 04:04:30.264, 1, 97, 104.18, 1215, 765
2025/03/22 04:04:31.269, 1, 97, 99.63, 1215, 765
2025/03/22 04:04:32.273, 1, 96, 103.95, 1215, 765
2025/03/22 04:04:33.278, 1, 96, 105.37, 1215, 765
2025/03/22 04:04:34.281, 1, 97, 103.79, 1215, 765
2025/03/22 04:04:35.287, 1, 97, 101.56, 1215, 765
2025/03/22 04:04:36.291, 1, 97, 103.24, 1215, 765
2025/03/22 04:04:37.294, 1, 97, 103.09, 1215, 765
2025/03/22 04:04:38.298, 1, 96, 105.78, 1215, 765
2025/03/22 04:04:39.303, 1, 97, 110.69, 1215, 765
2025/03/22 04:04:40.306, 1, 97, 101.35, 1215, 765
2025/03/22 04:04:41.309, 1, 97, 107.52, 1215, 765
2025/03/22 04:04:42.312, 1, 97, 101.66, 1215, 765
2025/03/22 04:04:43.319, 1, 97, 102.99, 1215, 765
2025/03/22 04:04:44.324, 1, 97, 104.44, 1215, 765
2025/03/22 04:04:45.327, 1, 97, 106.32, 1215, 765
2025/03/22 04:04:46.330, 1, 97, 107.66, 1215, 765
2025/03/22 04:04:47.337, 1, 96, 108.38, 1215, 765
2025/03/22 04:04:48.342, 1, 97, 107.80, 1215, 765
2025/03/22 04:04:49.346, 1, 97, 106.71, 1215, 765
2025/03/22 04:04:50.351, 1, 97, 107.62, 1215, 765
2025/03/22 04:04:51.356, 1, 97, 103.61, 1215, 765
2025/03/22 04:04:52.361, 1, 97, 104.31, 1215, 765
2025/03/22 04:04:53.366, 1, 96, 107.43, 1215, 765
2025/03/22 04:04:54.369, 1, 97, 106.76, 1215, 765
2025/03/22 04:04:55.372, 1, 97, 106.26, 1215, 765
2025/03/22 04:04:56.377, 1, 97, 104.62, 1215, 765
2025/03/22 04:04:57.380, 1, 97, 101.42, 1215, 765
2025/03/22 04:04:58.384, 1, 96, 109.04, 1215, 765
2025/03/22 04:04:59.391, 1, 96, 103.40, 1215, 765
2025/03/22 04:05:00.394, 1, 96, 106.95, 1215, 765
2025/03/22 04:05:01.399, 1, 97, 106.10, 1215, 765
2025/03/22 04:05:02.402, 1, 97, 104.74, 1215, 765
2025/03/22 04:05:03.407, 1, 97, 102.74, 1215, 765
2025/03/22 04:05:04.416, 1, 97, 106.27, 1215, 765
2025/03/22 04:05:05.421, 1, 97, 107.76, 1215, 765
2025/03/22 04:05:06.426, 1, 97, 104.72, 1215, 765
2025/03/22 04:05:07.431, 1, 97, 104.99, 1215, 765
2025/03/22 04:05:08.434, 1, 97, 106.66, 1215, 765
2025/03/22 04:05:09.437, 1, 97, 106.48, 1215, 765
2025/03/22 04:05:10.440, 1, 97, 105.24, 1215, 765
2025/03/22 04:05:11.445, 1, 97, 107.41, 1215, 765
2025/03/22 04:05:12.449, 1, 96, 106.25, 1215, 765
2025/03/22 04:05:13.454, 1, 97, 103.12, 1215, 765
2025/03/22 04:05:14.457, 1, 97, 107.36, 1215, 765
2025/03/22 04:05:15.465, 1, 96, 108.51, 1215, 765
2025/03/22 04:05:16.471, 1, 97, 108.83, 1215, 765
2025/03/22 04:05:17.474, 1, 97, 108.16, 1215, 765
2025/03/22 04:05:18.477, 1, 97, 107.23, 1215, 765
2025/03/22 04:05:19.483, 1, 97, 104.60, 1215, 765
2025/03/22 04:05:20.486, 1, 97, 106.65, 1215, 765
2025/03/22 04:05:21.490, 1, 96, 108.69, 1215, 765
2025/03/22 04:05:22.495, 1, 97, 103.40, 1215, 765
2025/03/22 04:05:23.498, 1, 97, 106.76, 1215, 765
2025/03/22 04:05:24.502, 1, 97, 108.26, 1215, 765
2025/03/22 04:05:25.505, 1, 95, 105.95, 1215, 765
2025/03/22 04:05:26.511, 1, 97, 108.72, 1215, 765
2025/03/22 04:05:27.517, 1, 96, 105.78, 1215, 765
2025/03/22 04:05:28.522, 1, 96, 106.56, 1215, 765
2025/03/22 04:05:29.525, 1, 97, 108.01, 1215, 765
2025/03/22 04:05:30.528, 1, 96, 109.04, 1215, 765
2025/03/22 04:05:31.532, 1, 97, 106.53, 1215, 765
2025/03/22 04:05:32.535, 1, 97, 106.84, 1215, 765
2025/03/22 04:05:33.540, 1, 97, 102.08, 1215, 765
2025/03/22 04:05:34.545, 1, 97, 106.93, 1215, 765
2025/03/22 04:05:35.549, 1, 96, 106.65, 1215, 765
2025/03/22 04:05:36.552, 1, 96, 107.02, 1215, 765
2025/03/22 04:05:37.557, 1, 97, 107.45, 1215, 765
2025/03/22 04:05:38.560, 1, 96, 106.64, 1215, 765
2025/03/22 04:05:39.565, 1, 96, 104.02, 1215, 765
2025/03/22 04:05:40.568, 1, 97, 105.04, 1215, 765
2025/03/22 04:05:41.572, 1, 96, 107.76, 1215, 765
2025/03/22 04:05:42.575, 1, 96, 107.57, 1215, 765
2025/03/22 04:05:43.580, 1, 97, 106.74, 1215, 765
2025/03/22 04:05:44.585, 1, 97, 107.15, 1215, 765
2025/03/22 04:05:45.594, 1, 96, 106.07, 1215, 765
2025/03/22 04:05:46.597, 1, 96, 106.87, 1215, 765
2025/03/22 04:05:47.600, 1, 97, 108.56, 1215, 765
2025/03/22 04:05:48.605, 1, 97, 104.46, 1215, 765
2025/03/22 04:05:49.608, 1, 97, 110.32, 1215, 765
2025/03/22 04:05:50.613, 1, 97, 103.68, 1215, 765
2025/03/22 04:05:51.617, 1, 96, 106.22, 1215, 765
2025/03/22 04:05:52.620, 1, 95, 103.71, 1215, 765
2025/03/22 04:05:53.623, 1, 97, 105.15, 1215, 765
2025/03/22 04:05:54.628, 1, 97, 109.60, 1215, 765
2025/03/22 04:05:55.633, 1, 96, 104.20, 1215, 765
2025/03/22 04:05:56.636, 1, 96, 105.17, 1215, 765
2025/03/22 04:05:57.639, 1, 96, 109.96, 1215, 765
2025/03/22 04:05:58.644, 1, 96, 108.02, 1215, 765
2025/03/22 04:05:59.649, 1, 97, 106.74, 1215, 765
2025/03/22 04:06:00.656, 1, 96, 107.43, 1215, 765
2025/03/22 04:06:01.663, 1, 97, 104.36, 1215, 765
2025/03/22 04:06:02.666, 1, 96, 105.49, 1215, 765
2025/03/22 04:06:03.671, 1, 96, 107.23, 1215, 765
2025/03/22 04:06:04.676, 1, 97, 105.72, 1215, 765
2025/03/22 04:06:05.679, 1, 97, 102.48, 1215, 765
2025/03/22 04:06:06.684, 1, 96, 109.95, 1215, 765
2025/03/22 04:06:07.688, 1, 97, 108.28, 1215, 765
2025/03/22 04:06:08.692, 1, 96, 107.44, 1215, 765
2025/03/22 04:06:09.695, 1, 96, 107.08, 1215, 765
2025/03/22 04:06:10.698, 1, 97, 104.07, 1215, 765
2025/03/22 04:06:11.707, 1, 96, 105.95, 1215, 765
2025/03/22 04:06:12.712, 1, 95, 104.96, 1215, 765
2025/03/22 04:06:13.715, 1, 96, 107.23, 1215, 765
2025/03/22 04:06:14.720, 1, 96, 107.36, 1215, 765
2025/03/22 04:06:15.724, 1, 96, 108.07, 1215, 765
2025/03/22 04:06:16.730, 1, 96, 105.55, 1215, 765
2025/03/22 04:06:17.733, 1, 96, 104.31, 1215, 765
2025/03/22 04:06:18.738, 1, 96, 104.25, 1215, 765
2025/03/22 04:06:19.741, 1, 96, 108.02, 1215, 765
2025/03/22 04:06:20.747, 1, 96, 108.38, 1215, 765
2025/03/22 04:06:21.752, 1, 96, 110.06, 1215, 765
2025/03/22 04:06:22.760, 1, 97, 108.55, 1215, 765
2025/03/22 04:06:23.763, 1, 97, 105.33, 1215, 765
2025/03/22 04:06:24.767, 1, 96, 108.49, 1215, 765
2025/03/22 04:06:25.770, 1, 97, 104.68, 1215, 765
2025/03/22 04:06:26.774, 1, 96, 109.21, 1215, 765
2025/03/22 04:06:27.777, 1, 97, 107.15, 1215, 765
2025/03/22 04:06:28.780, 1, 96, 107.51, 1215, 765
2025/03/22 04:06:29.783, 1, 96, 108.83, 1215, 765
2025/03/22 04:06:30.789, 1, 97, 108.12, 1215, 765
2025/03/22 04:06:31.793, 1, 97, 106.34, 1215, 765
2025/03/22 04:06:32.796, 1, 96, 108.52, 1215, 765
2025/03/22 04:06:33.799, 1, 96, 105.74, 1215, 765
2025/03/22 04:06:34.804, 1, 96, 106.94, 1215, 765
2025/03/22 04:06:35.809, 1, 97, 107.97, 1215, 765
2025/03/22 04:06:36.817, 1, 97, 109.11, 1215, 765
2025/03/22 04:06:37.820, 1, 97, 106.84, 1215, 765
2025/03/22 04:06:38.824, 1, 96, 103.78, 1215, 765
2025/03/22 04:06:39.828, 1, 96, 108.33, 1215, 765
2025/03/22 04:06:40.831, 1, 96, 106.05, 1215, 765
2025/03/22 04:06:41.834, 1, 97, 107.69, 1215, 765
2025/03/22 04:06:42.839, 1, 97, 109.80, 1215, 765
2025/03/22 04:06:43.843, 1, 97, 107.85, 1215, 765
2025/03/22 04:06:44.847, 1, 97, 108.09, 1215, 765
2025/03/22 04:06:45.850, 1, 96, 104.16, 1215, 765
2025/03/22 04:06:46.853, 1, 96, 107.26, 1215, 765
2025/03/22 04:06:47.858, 1, 96, 112.87, 1215, 765
2025/03/22 04:06:48.865, 1, 96, 106.35, 1215, 765
2025/03/22 04:06:49.868, 1, 96, 108.05, 1215, 765
2025/03/22 04:06:50.871, 1, 96, 106.24, 1215, 765
2025/03/22 04:06:51.881, 1, 96, 105.30, 1215, 765
2025/03/22 04:06:52.884, 1, 97, 103.52, 1215, 765
2025/03/22 04:06:53.891, 1, 96, 108.17, 1215, 765
2025/03/22 04:06:54.894, 1, 96, 106.51, 1215, 765
2025/03/22 04:06:55.900, 1, 96, 106.24, 1215, 765
2025/03/22 04:06:56.904, 1, 96, 107.33, 1215, 765
2025/03/22 04:06:57.910, 1, 96, 107.48, 1215, 765
2025/03/22 04:06:58.913, 1, 96, 105.79, 1215, 765
2025/03/22 04:06:59.918, 1, 96, 107.54, 1215, 765
2025/03/22 04:07:00.921, 1, 97, 109.61, 1215, 765
2025/03/22 04:07:01.924, 1, 96, 106.98, 1215, 765
2025/03/22 04:07:02.927, 1, 96, 107.70, 1215, 765
2025/03/22 04:07:03.930, 1, 97, 108.01, 1215, 765
2025/03/22 04:07:04.933, 1, 96, 106.48, 1215, 765
2025/03/22 04:07:05.936, 1, 95, 107.40, 1215, 765
2025/03/22 04:07:06.939, 1, 97, 107.83, 1215, 765
2025/03/22 04:07:07.944, 1, 96, 107.43, 1215, 765
2025/03/22 04:07:08.946, 1, 96, 107.79, 1215, 765
2025/03/22 04:07:09.949, 1, 97, 105.74, 1215, 765
2025/03/22 04:07:10.952, 1, 97, 109.01, 1215, 765
2025/03/22 04:07:11.957, 1, 96, 107.72, 1215, 765
2025/03/22 04:07:12.961, 1, 96, 108.65, 1215, 765
2025/03/22 04:07:13.966, 1, 96, 107.26, 1215, 765
2025/03/22 04:07:14.969, 1, 96, 107.69, 1215, 765
2025/03/22 04:07:15.972, 1, 97, 109.07, 1215, 765
2025/03/22 04:07:16.975, 1, 97, 108.22, 1215, 765
2025/03/22 04:07:17.978, 1, 97, 108.46, 1215, 765
2025/03/22 04:07:18.982, 1, 97, 108.51, 1215, 765
2025/03/22 04:07:19.986, 1, 96, 106.77, 1215, 765
2025/03/22 04:07:20.989, 1, 97, 102.94, 1215, 765
2025/03/22 04:07:21.992, 1, 96, 106.31, 1215, 765
2025/03/22 04:07:22.996, 1, 96, 109.02, 1215, 765
2025/03/22 04:07:24.001, 1, 97, 108.61, 1215, 765
2025/03/22 04:07:25.005, 1, 97, 105.48, 1215, 765
2025/03/22 04:07:26.010, 1, 96, 108.46, 1215, 765
2025/03/22 04:07:27.013, 1, 96, 108.31, 1215, 765
2025/03/22 04:07:28.018, 1, 96, 105.58, 1215, 765
2025/03/22 04:07:29.022, 1, 96, 108.71, 1215, 765
2025/03/22 04:07:30.028, 1, 97, 104.88, 1215, 765
2025/03/22 04:07:31.031, 1, 96, 104.52, 1215, 765
2025/03/22 04:07:32.034, 1, 96, 107.15, 1215, 765
2025/03/22 04:07:33.041, 1, 96, 107.83, 1215, 765
2025/03/22 04:07:34.044, 1, 96, 107.16, 1215, 765
2025/03/22 04:07:35.049, 1, 97, 111.95, 1215, 765
2025/03/22 04:07:36.053, 1, 96, 107.83, 1215, 765
2025/03/22 04:07:37.058, 1, 96, 107.86, 1215, 765
2025/03/22 04:07:38.061, 1, 96, 108.41, 1215, 765
2025/03/22 04:07:39.066, 1, 96, 107.94, 1215, 765
2025/03/22 04:07:40.069, 1, 96, 107.34, 1215, 765
2025/03/22 04:07:41.074, 1, 97, 104.32, 1215, 765
2025/03/22 04:07:42.079, 1, 96, 108.69, 1215, 765
2025/03/22 04:07:43.082, 1, 97, 103.57, 1215, 765
2025/03/22 04:07:44.085, 1, 97, 106.68, 1215, 765
2025/03/22 04:07:45.089, 1, 96, 107.34, 1215, 765
2025/03/22 04:07:46.092, 1, 96, 107.23, 1215, 765
2025/03/22 04:07:47.095, 1, 96, 107.70, 1215, 765
2025/03/22 04:07:48.098, 1, 96, 111.70, 1215, 765
2025/03/22 04:07:49.101, 1, 96, 107.44, 1215, 765
2025/03/22 04:07:50.104, 1, 96, 108.65, 1215, 765
2025/03/22 04:07:51.107, 1, 96, 108.35, 1215, 765
2025/03/22 04:07:52.112, 1, 96, 108.01, 1215, 765
2025/03/22 04:07:53.117, 1, 96, 108.28, 1215, 765
2025/03/22 04:07:54.122, 1, 97, 107.08, 1215, 765
2025/03/22 04:07:55.126, 1, 96, 108.41, 1215, 765
2025/03/22 04:07:56.130, 1, 97, 105.32, 1215, 765
2025/03/22 04:07:57.134, 1, 97, 106.14, 1215, 765
2025/03/22 04:07:58.142, 1, 97, 106.19, 1215, 765
2025/03/22 04:07:59.145, 1, 96, 108.24, 1215, 765
2025/03/22 04:08:00.151, 1, 97, 107.39, 1215, 765
2025/03/22 04:08:01.156, 1, 96, 105.49, 1215, 765
2025/03/22 04:08:02.165, 1, 96, 107.20, 1215, 765
2025/03/22 04:08:03.168, 1, 96, 108.51, 1215, 765
2025/03/22 04:08:04.174, 1, 96, 110.90, 1215, 765
2025/03/22 04:08:05.179, 1, 96, 112.03, 1215, 765
2025/03/22 04:08:06.185, 1, 96, 108.52, 1215, 765
2025/03/22 04:08:07.190, 1, 97, 107.47, 1215, 765
2025/03/22 04:08:08.193, 1, 96, 110.26, 1215, 765
2025/03/22 04:08:09.196, 1, 97, 106.07, 1215, 765
2025/03/22 04:08:10.199, 1, 97, 107.65, 1215, 765
2025/03/22 04:08:11.202, 1, 96, 108.11, 1215, 765
2025/03/22 04:08:12.207, 1, 96, 109.98, 1215, 765
2025/03/22 04:08:13.212, 1, 96, 108.36, 1215, 765
2025/03/22 04:08:14.215, 1, 96, 106.06, 1215, 765
2025/03/22 04:08:15.221, 1, 96, 108.44, 1215, 765
2025/03/22 04:08:16.226, 1, 96, 105.66, 1215, 765
2025/03/22 04:08:17.231, 1, 96, 105.93, 1215, 765
2025/03/22 04:08:18.234, 1, 97, 108.01, 1215, 765
2025/03/22 04:08:19.238, 1, 96, 106.84, 1215, 765
2025/03/22 04:08:20.244, 1, 96, 105.12, 1215, 765
2025/03/22 04:08:21.247, 1, 97, 106.63, 1215, 765
2025/03/22 04:08:22.252, 1, 97, 108.38, 1215, 765
2025/03/22 04:08:23.255, 1, 96, 109.93, 1215, 765
2025/03/22 04:08:24.264, 1, 96, 108.21, 1215, 765
2025/03/22 04:08:25.269, 1, 97, 108.31, 1215, 765
2025/03/22 04:08:26.275, 1, 96, 105.67, 1215, 765
2025/03/22 04:08:27.280, 1, 96, 108.15, 1215, 765
2025/03/22 04:08:28.283, 1, 96, 103.47, 1215, 765
2025/03/22 04:08:29.286, 1, 96, 107.57, 1215, 765
2025/03/22 04:08:30.291, 1, 97, 106.60, 1215, 765
2025/03/22 04:08:31.296, 1, 96, 108.85, 1215, 765
2025/03/22 04:08:32.302, 1, 97, 108.31, 1215, 765
2025/03/22 04:08:33.305, 1, 96, 104.95, 1215, 765
2025/03/22 04:08:34.309, 1, 97, 108.15, 1215, 765
2025/03/22 04:08:35.316, 1, 96, 108.69, 1215, 765
2025/03/22 04:08:36.321, 1, 96, 104.25, 1215, 765
2025/03/22 04:08:37.324, 1, 96, 107.06, 1215, 765
2025/03/22 04:08:38.327, 1, 96, 104.26, 1215, 765
2025/03/22 04:08:39.334, 1, 97, 108.67, 1215, 765
2025/03/22 04:08:40.337, 1, 96, 106.04, 1215, 765
2025/03/22 04:08:41.340, 1, 96, 107.53, 1215, 765
2025/03/22 04:08:42.346, 1, 96, 108.61, 1215, 765
2025/03/22 04:08:43.349, 1, 96, 110.53, 1215, 765
2025/03/22 04:08:44.354, 1, 96, 107.09, 1215, 765
2025/03/22 04:08:45.357, 1, 96, 106.94, 1215, 765
2025/03/22 04:08:46.363, 1, 96, 109.11, 1215, 765
2025/03/22 04:08:47.366, 1, 96, 107.94, 1215, 765
2025/03/22 04:08:48.370, 1, 97, 108.11, 1215, 765
2025/03/22 04:08:49.375, 1, 96, 108.38, 1215, 765
2025/03/22 04:08:50.379, 1, 96, 110.86, 1215, 765
2025/03/22 04:08:51.387, 1, 96, 108.41, 1215, 765
2025/03/22 04:08:52.390, 1, 96, 108.26, 1215, 765
2025/03/22 04:08:53.395, 1, 96, 106.08, 1215, 765
2025/03/22 04:08:54.399, 1, 97, 108.41, 1215, 765
2025/03/22 04:08:55.406, 1, 96, 109.12, 1215, 765
2025/03/22 04:08:56.410, 1, 96, 103.18, 1215, 765
2025/03/22 04:08:57.417, 1, 96, 108.21, 1215, 765
2025/03/22 04:08:58.420, 1, 96, 105.64, 1215, 765
2025/03/22 04:08:59.424, 1, 96, 109.51, 1215, 765
2025/03/22 04:09:00.429, 1, 96, 107.42, 1215, 765
2025/03/22 04:09:01.432, 1, 97, 109.50, 1215, 765
2025/03/22 04:09:02.435, 1, 96, 107.87, 1215, 765
2025/03/22 04:09:03.440, 1, 96, 107.26, 1215, 765
2025/03/22 04:09:04.443, 1, 96, 105.90, 1215, 765
2025/03/22 04:09:05.446, 1, 97, 111.84, 1215, 765
2025/03/22 04:09:06.453, 1, 96, 107.45, 1215, 765
2025/03/22 04:09:07.456, 1, 97, 109.53, 1215, 765
2025/03/22 04:09:08.462, 1, 96, 105.87, 1215, 765
2025/03/22 04:09:09.467, 1, 97, 107.06, 1215, 765
2025/03/22 04:09:10.470, 1, 97, 108.78, 1215, 765
2025/03/22 04:09:11.475, 1, 97, 107.92, 1215, 765
2025/03/22 04:09:12.479, 1, 96, 107.54, 1215, 765
2025/03/22 04:09:13.483, 1, 96, 108.96, 1215, 765
2025/03/22 04:09:14.486, 1, 96, 106.83, 1215, 765
2025/03/22 04:09:15.491, 1, 96, 108.17, 1215, 765
2025/03/22 04:09:16.495, 1, 96, 108.71, 1215, 765
2025/03/22 04:09:17.502, 1, 96, 106.92, 1215, 765
2025/03/22 04:09:18.507, 1, 96, 105.98, 1215, 765
2025/03/22 04:09:19.510, 1, 97, 109.22, 1215, 765
2025/03/22 04:09:20.514, 1, 96, 106.06, 1215, 765
2025/03/22 04:09:21.519, 1, 96, 107.63, 1215, 765
2025/03/22 04:09:22.522, 1, 97, 107.96, 1215, 765
2025/03/22 04:09:23.526, 1, 96, 106.14, 1215, 765
2025/03/22 04:09:24.529, 1, 97, 112.57, 1215, 765
2025/03/22 04:09:25.532, 1, 96, 108.67, 1215, 765
2025/03/22 04:09:26.538, 1, 96, 105.74, 1215, 765
2025/03/22 04:09:27.541, 1, 96, 109.06, 1215, 765
2025/03/22 04:09:28.544, 1, 97, 108.82, 1215, 765
2025/03/22 04:09:29.547, 1, 96, 109.45, 1215, 765
2025/03/22 04:09:30.550, 1, 96, 110.10, 1215, 765
2025/03/22 04:09:31.553, 1, 96, 109.62, 1215, 765
2025/03/22 04:09:32.556, 1, 96, 105.94, 1215, 765
2025/03/22 04:09:33.561, 1, 97, 108.22, 1215, 765
2025/03/22 04:09:34.567, 1, 97, 103.85, 1215, 765
2025/03/22 04:09:35.570, 1, 96, 105.96, 1215, 765
2025/03/22 04:09:36.574, 1, 96, 108.67, 1215, 765
2025/03/22 04:09:37.579, 1, 96, 106.35, 1215, 765
2025/03/22 04:09:38.582, 1, 96, 107.05, 1215, 765
2025/03/22 04:09:39.588, 1, 96, 108.71, 1215, 765
2025/03/22 04:09:40.590, 1, 96, 107.26, 1215, 765
2025/03/22 04:09:41.593, 1, 96, 106.37, 1215, 765
2025/03/22 04:09:42.598, 1, 96, 108.51, 1215, 765
2025/03/22 04:09:43.601, 1, 96, 107.82, 1215, 765
2025/03/22 04:09:44.604, 1, 96, 106.28, 1215, 765
2025/03/22 04:09:45.607, 1, 96, 109.77, 1215, 765
2025/03/22 04:09:46.612, 1, 96, 106.08, 1215, 765
2025/03/22 04:09:47.615, 1, 97, 109.11, 1215, 765
2025/03/22 04:09:48.618, 1, 96, 108.90, 1215, 765
2025/03/22 04:09:49.622, 1, 96, 106.04, 1215, 765
2025/03/22 04:09:50.627, 1, 97, 104.28, 1215, 765
2025/03/22 04:09:51.630, 1, 97, 109.45, 1215, 765
2025/03/22 04:09:52.635, 1, 96, 107.83, 1215, 765
2025/03/22 04:09:53.638, 1, 97, 108.83, 1215, 765
2025/03/22 04:09:54.643, 1, 97, 106.66, 1215, 765
2025/03/22 04:09:55.647, 1, 96, 107.15, 1215, 765
2025/03/22 04:09:56.652, 1, 97, 107.13, 1215, 765
2025/03/22 04:09:57.656, 1, 97, 107.67, 1215, 765
2025/03/22 04:09:58.659, 1, 96, 108.44, 1215, 765
2025/03/22 04:09:59.663, 1, 96, 107.86, 1215, 765
2025/03/22 04:10:00.669, 1, 96, 107.81, 1215, 765
2025/03/22 04:10:01.674, 1, 97, 107.70, 1215, 765
2025/03/22 04:10:02.677, 1, 97, 107.13, 1215, 765
2025/03/22 04:10:03.682, 1, 96, 105.59, 1215, 765
2025/03/22 04:10:04.685, 1, 97, 109.71, 1215, 765
2025/03/22 04:10:05.688, 1, 96, 108.13, 1215, 765
2025/03/22 04:10:06.693, 1, 97, 109.54, 1215, 765
2025/03/22 04:10:07.696, 1, 97, 104.81, 1215, 765
2025/03/22 04:10:08.699, 1, 96, 106.56, 1215, 765
2025/03/22 04:10:09.704, 1, 97, 107.45, 1215, 765
2025/03/22 04:10:10.709, 1, 97, 105.98, 1215, 765
2025/03/22 04:10:11.719, 1, 96, 109.02, 1215, 765
2025/03/22 04:10:12.722, 1, 96, 107.78, 1215, 765
2025/03/22 04:10:13.728, 1, 96, 108.02, 1215, 765
2025/03/22 04:10:14.732, 1, 97, 108.61, 1215, 765
2025/03/22 04:10:15.735, 1, 96, 107.55, 1215, 765
2025/03/22 04:10:16.740, 1, 97, 105.35, 1215, 765
2025/03/22 04:10:17.743, 1, 96, 110.22, 1215, 765
2025/03/22 04:10:18.746, 1, 96, 105.84, 1215, 765
2025/03/22 04:10:19.749, 1, 96, 109.21, 1215, 765
2025/03/22 04:10:20.754, 1, 97, 110.47, 1215, 765
2025/03/22 04:10:21.757, 1, 96, 109.32, 1215, 765
2025/03/22 04:10:22.762, 1, 96, 113.36, 1215, 765
2025/03/22 04:10:23.765, 1, 96, 108.98, 1215, 765
2025/03/22 04:10:24.771, 1, 97, 107.96, 1215, 765
2025/03/22 04:10:25.774, 1, 97, 103.48, 1215, 765
2025/03/22 04:10:26.777, 1, 96, 105.44, 1215, 765
2025/03/22 04:10:27.780, 1, 96, 109.01, 1215, 765
2025/03/22 04:10:28.786, 1, 96, 109.43, 1215, 765
2025/03/22 04:10:29.789, 1, 96, 108.62, 1215, 765
2025/03/22 04:10:30.792, 1, 96, 108.41, 1215, 765
2025/03/22 04:10:31.797, 1, 97, 106.48, 1215, 765
2025/03/22 04:10:32.802, 1, 96, 109.22, 1215, 765
2025/03/22 04:10:33.805, 1, 96, 108.93, 1215, 765
2025/03/22 04:10:34.808, 1, 96, 106.47, 1215, 765
2025/03/22 04:10:35.813, 1, 96, 112.16, 1215, 765
2025/03/22 04:10:36.818, 1, 96, 108.51, 1215, 765
2025/03/22 04:10:37.827, 1, 96, 107.67, 1215, 765
2025/03/22 04:10:38.831, 1, 97, 112.34, 1215, 765
2025/03/22 04:10:39.834, 1, 96, 107.62, 1215, 765
2025/03/22 04:10:40.839, 1, 96, 106.55, 1215, 765
2025/03/22 04:10:41.844, 1, 96, 105.46, 1215, 765
2025/03/22 04:10:42.847, 1, 96, 111.08, 1215, 765
2025/03/22 04:10:43.852, 1, 96, 108.89, 1215, 765
2025/03/22 04:10:44.857, 1, 96, 106.67, 1215, 765
2025/03/22 04:10:45.861, 1, 96, 109.30, 1215, 765
2025/03/22 04:10:46.864, 1, 97, 109.90, 1215, 765
2025/03/22 04:10:47.867, 1, 96, 109.56, 1215, 765
2025/03/22 04:10:48.874, 1, 96, 108.20, 1215, 765
2025/03/22 04:10:49.879, 1, 96, 107.74, 1215, 765
2025/03/22 04:10:50.884, 1, 97, 106.14, 1215, 765
2025/03/22 04:10:51.887, 1, 96, 107.82, 1215, 765
2025/03/22 04:10:52.891, 1, 96, 105.28, 1215, 765
2025/03/22 04:10:53.896, 1, 97, 90.31, 1215, 765
2025/03/22 04:10:54.899, 1, 96, 109.61, 1215, 765
2025/03/22 04:10:55.902, 1, 96, 109.84, 1215, 765
2025/03/22 04:10:56.905, 1, 96, 109.04, 1215, 765
2025/03/22 04:10:57.916, 1, 97, 104.47, 1215, 765
2025/03/22 04:10:58.921, 1, 96, 108.88, 1215, 765
2025/03/22 04:10:59.928, 1, 96, 111.24, 1215, 765
2025/03/22 04:11:00.931, 1, 96, 105.70, 1215, 765
2025/03/22 04:11:01.936, 1, 96, 106.06, 1215, 765
2025/03/22 04:11:02.941, 1, 96, 109.06, 1215, 765
2025/03/22 04:11:03.945, 1, 96, 108.82, 1215, 765
2025/03/22 04:11:04.952, 1, 97, 106.08, 1215, 765
2025/03/22 04:11:05.955, 1, 96, 107.53, 1215, 765
2025/03/22 04:11:06.958, 1, 96, 108.73, 1215, 765
2025/03/22 04:11:07.963, 1, 97, 108.33, 1215, 765
2025/03/22 04:11:08.969, 1, 97, 106.74, 1215, 765
2025/03/22 04:11:09.972, 1, 96, 109.41, 1215, 765
2025/03/22 04:11:10.977, 1, 96, 108.74, 1215, 765
2025/03/22 04:11:11.980, 1, 96, 109.93, 1215, 765
2025/03/22 04:11:12.983, 1, 97, 106.84, 1215, 765
2025/03/22 04:11:13.986, 1, 97, 108.57, 1215, 765
2025/03/22 04:11:14.991, 1, 96, 108.44, 1215, 765
2025/03/22 04:11:15.999, 1, 97, 108.62, 1215, 765
2025/03/22 04:11:17.004, 1, 96, 105.98, 1215, 765
2025/03/22 04:11:18.011, 1, 96, 108.39, 1215, 765
2025/03/22 04:11:19.014, 1, 96, 112.93, 1215, 765
2025/03/22 04:11:20.017, 1, 97, 108.31, 1215, 765
2025/03/22 04:11:21.025, 1, 96, 109.76, 1215, 765
2025/03/22 04:11:22.030, 1, 96, 109.54, 1215, 765
2025/03/22 04:11:23.036, 1, 96, 108.94, 1215, 765
2025/03/22 04:11:24.042, 1, 96, 107.02, 1215, 765
2025/03/22 04:11:25.051, 1, 96, 108.85, 1215, 765
2025/03/22 04:11:26.054, 1, 96, 108.92, 1215, 765
2025/03/22 04:11:27.057, 1, 96, 105.83, 1215, 765
2025/03/22 04:11:28.062, 1, 96, 105.06, 1215, 765
2025/03/22 04:11:29.065, 1, 96, 103.68, 1215, 765
2025/03/22 04:11:30.068, 1, 96, 110.19, 1215, 765
2025/03/22 04:11:31.072, 1, 96, 106.37, 1215, 765
2025/03/22 04:11:32.077, 1, 97, 108.32, 1215, 765
2025/03/22 04:11:33.080, 1, 96, 108.75, 1215, 765
2025/03/22 04:11:34.083, 1, 96, 109.10, 1215, 765
2025/03/22 04:11:35.087, 1, 96, 107.33, 1215, 765
2025/03/22 04:11:36.092, 1, 96, 106.97, 1215, 765
2025/03/22 04:11:37.095, 1, 96, 109.27, 1215, 765
2025/03/22 04:11:38.098, 1, 96, 107.37, 1215, 765
2025/03/22 04:11:39.101, 1, 97, 107.70, 1215, 765
2025/03/22 04:11:40.106, 1, 97, 109.71, 1215, 765
2025/03/22 04:11:41.110, 1, 96, 110.37, 1215, 765
2025/03/22 04:11:42.113, 1, 97, 109.07, 1215, 765
2025/03/22 04:11:43.116, 1, 96, 106.21, 1215, 765
2025/03/22 04:11:44.119, 1, 96, 108.72, 1215, 765
2025/03/22 04:11:45.124, 1, 96, 106.49, 1215, 765
2025/03/22 04:11:46.127, 1, 95, 110.79, 1215, 765
2025/03/22 04:11:47.133, 1, 96, 105.29, 1215, 765
2025/03/22 04:11:48.138, 1, 96, 105.15, 1215, 765
2025/03/22 04:11:49.143, 1, 97, 108.93, 1215, 765
2025/03/22 04:11:50.147, 1, 96, 106.63, 1215, 765
2025/03/22 04:11:51.151, 1, 96, 109.41, 1215, 765
2025/03/22 04:11:52.157, 1, 96, 105.72, 1215, 765
2025/03/22 04:11:53.161, 1, 96, 108.57, 1215, 765
2025/03/22 04:11:54.164, 1, 96, 107.69, 1215, 765
2025/03/22 04:11:55.171, 1, 96, 105.84, 1215, 765
2025/03/22 04:11:56.174, 1, 96, 109.11, 1215, 765
2025/03/22 04:11:57.179, 1, 96, 107.86, 1215, 765
2025/03/22 04:11:58.184, 1, 96, 106.92, 1215, 765
2025/03/22 04:11:59.193, 1, 96, 106.47, 1215, 765
2025/03/22 04:12:00.196, 1, 96, 111.60, 1215, 765
2025/03/22 04:12:01.199, 1, 96, 108.07, 1215, 765
2025/03/22 04:12:02.202, 1, 97, 109.11, 1215, 765
2025/03/22 04:12:03.205, 1, 96, 108.62, 1215, 765
2025/03/22 04:12:04.212, 1, 96, 111.74, 1215, 765
2025/03/22 04:12:05.217, 1, 97, 108.72, 1215, 765
2025/03/22 04:12:06.220, 1, 96, 108.02, 1215, 765
2025/03/22 04:12:07.223, 1, 96, 107.86, 1215, 765
2025/03/22 04:12:08.227, 1, 97, 108.48, 1215, 765
2025/03/22 04:12:09.230, 1, 96, 105.62, 1215, 765
2025/03/22 04:12:10.235, 1, 96, 108.45, 1215, 765
2025/03/22 04:12:11.238, 1, 96, 108.83, 1215, 765
2025/03/22 04:12:12.245, 1, 96, 107.75, 1215, 765
2025/03/22 04:12:13.248, 1, 96, 105.44, 1215, 765
2025/03/22 04:12:14.251, 1, 97, 108.43, 1215, 765
2025/03/22 04:12:15.256, 1, 96, 105.78, 1215, 765
2025/03/22 04:12:16.260, 1, 96, 103.63, 1215, 765
2025/03/22 04:12:17.263, 1, 96, 107.99, 1215, 765
2025/03/22 04:12:18.266, 1, 96, 107.58, 1215, 765
2025/03/22 04:12:19.272, 1, 96, 105.84, 1215, 765
2025/03/22 04:12:20.275, 1, 96, 108.91, 1215, 765
2025/03/22 04:12:21.278, 1, 96, 106.58, 1215, 765
2025/03/22 04:12:22.283, 1, 96, 108.01, 1215, 765
2025/03/22 04:12:23.286, 1, 97, 107.63, 1215, 765
2025/03/22 04:12:24.289, 1, 97, 109.11, 1215, 765
2025/03/22 04:12:25.292, 1, 96, 109.64, 1215, 765
2025/03/22 04:12:26.297, 1, 96, 108.55, 1215, 765
2025/03/22 04:12:27.302, 1, 97, 105.88, 1215, 765
2025/03/22 04:12:28.314, 1, 96, 106.66, 1215, 765
2025/03/22 04:12:29.319, 1, 96, 109.32, 1215, 765
2025/03/22 04:12:30.330, 1, 96, 109.60, 1215, 765
2025/03/22 04:12:31.333, 1, 96, 109.61, 1215, 765
2025/03/22 04:12:32.336, 1, 96, 107.81, 1215, 765
2025/03/22 04:12:33.341, 1, 96, 105.37, 1215, 765
2025/03/22 04:12:34.345, 1, 96, 107.78, 1215, 765
2025/03/22 04:12:35.349, 1, 97, 108.52, 1215, 765
2025/03/22 04:12:36.353, 1, 96, 109.97, 1215, 765
2025/03/22 04:12:37.358, 1, 96, 108.91, 1215, 765
2025/03/22 04:12:38.363, 1, 96, 108.97, 1215, 765
2025/03/22 04:12:39.366, 1, 96, 106.08, 1215, 765
2025/03/22 04:12:40.369, 1, 97, 108.29, 1215, 765
2025/03/22 04:12:41.372, 1, 96, 106.47, 1215, 765
2025/03/22 04:12:42.377, 1, 96, 109.48, 1215, 765
2025/03/22 04:12:43.380, 1, 96, 110.03, 1215, 765
2025/03/22 04:12:44.383, 1, 96, 108.85, 1215, 765
2025/03/22 04:12:45.388, 1, 96, 109.44, 1215, 765
2025/03/22 04:12:46.393, 1, 97, 104.82, 1215, 765
2025/03/22 04:12:47.396, 1, 96, 109.71, 1215, 765
2025/03/22 04:12:48.401, 1, 96, 108.64, 1215, 765
2025/03/22 04:12:49.406, 1, 96, 109.40, 1215, 765
2025/03/22 04:12:50.413, 1, 96, 108.08, 1215, 765
2025/03/22 04:12:51.417, 1, 96, 108.23, 1215, 765
2025/03/22 04:12:52.421, 1, 96, 108.26, 1215, 765
2025/03/22 04:12:53.424, 1, 96, 108.91, 1215, 765
2025/03/22 04:12:54.427, 1, 96, 106.25, 1215, 765
2025/03/22 04:12:55.430, 1, 96, 109.00, 1215, 765
2025/03/22 04:12:56.434, 1, 96, 109.56, 1215, 765
2025/03/22 04:12:57.437, 1, 96, 108.45, 1215, 765
2025/03/22 04:12:58.441, 1, 96, 108.18, 1215, 765
2025/03/22 04:12:59.444, 1, 97, 105.89, 1215, 765
2025/03/22 04:13:00.448, 1, 96, 108.23, 1215, 765
2025/03/22 04:13:01.455, 1, 94, 108.00, 1215, 765
2025/03/22 04:13:02.458, 1, 96, 112.75, 1215, 765
2025/03/22 04:13:03.465, 1, 96, 108.44, 1215, 765
2025/03/22 04:13:04.470, 1, 96, 108.21, 1215, 765
2025/03/22 04:13:05.473, 1, 96, 107.66, 1215, 765
2025/03/22 04:13:06.475, 1, 96, 108.82, 1215, 765
2025/03/22 04:13:07.478, 1, 97, 106.04, 1215, 765
2025/03/22 04:13:08.482, 1, 96, 109.80, 1215, 765
2025/03/22 04:13:09.486, 1, 96, 105.19, 1215, 765
2025/03/22 04:13:10.489, 1, 96, 110.56, 1215, 765
2025/03/22 04:13:11.493, 1, 96, 108.33, 1215, 765
2025/03/22 04:13:12.496, 1, 97, 106.27, 1215, 765
2025/03/22 04:13:13.500, 1, 96, 109.87, 1215, 765
2025/03/22 04:13:14.503, 1, 94, 114.26, 1215, 765
2025/03/22 04:13:15.508, 1, 96, 107.02, 1215, 765
2025/03/22 04:13:16.514, 1, 97, 106.93, 1215, 765
2025/03/22 04:13:17.519, 1, 97, 114.19, 1215, 765
2025/03/22 04:13:18.522, 1, 96, 109.11, 1215, 765
2025/03/22 04:13:19.527, 1, 96, 107.38, 1215, 765
2025/03/22 04:13:20.532, 1, 96, 110.07, 1215, 765
2025/03/22 04:13:21.535, 1, 97, 107.64, 1215, 765
2025/03/22 04:13:22.538, 1, 96, 107.54, 1215, 765
2025/03/22 04:13:23.541, 1, 96, 109.07, 1215, 765
2025/03/22 04:13:24.546, 1, 97, 105.75, 1215, 765
2025/03/22 04:13:25.549, 1, 96, 110.18, 1215, 765
2025/03/22 04:13:26.552, 1, 97, 107.55, 1215, 765
2025/03/22 04:13:27.558, 1, 96, 108.62, 1215, 765
2025/03/22 04:13:28.563, 1, 96, 110.29, 1215, 765
2025/03/22 04:13:29.567, 1, 96, 108.48, 1215, 765
2025/03/22 04:13:30.572, 1, 96, 108.18, 1215, 765
2025/03/22 04:13:31.576, 1, 97, 107.23, 1215, 765
2025/03/22 04:13:32.581, 1, 96, 107.99, 1215, 765
2025/03/22 04:13:33.584, 1, 97, 106.56, 1215, 765
2025/03/22 04:13:34.587, 1, 96, 106.42, 1215, 765
2025/03/22 04:13:35.590, 1, 96, 107.28, 1215, 765
2025/03/22 04:13:36.593, 1, 97, 107.52, 1215, 765
2025/03/22 04:13:37.598, 1, 96, 103.53, 1215, 765
2025/03/22 04:13:38.601, 1, 96, 108.86, 1215, 765
2025/03/22 04:13:39.606, 1, 97, 104.30, 1215, 765
2025/03/22 04:13:40.616, 1, 96, 108.80, 1215, 765
2025/03/22 04:13:41.620, 1, 96, 109.42, 1215, 765
2025/03/22 04:13:42.624, 1, 96, 109.14, 1215, 765
2025/03/22 04:13:43.629, 1, 96, 108.02, 1215, 765
2025/03/22 04:13:44.634, 1, 97, 107.45, 1215, 765
2025/03/22 04:13:45.637, 1, 96, 108.38, 1215, 765
2025/03/22 04:13:46.640, 1, 96, 106.77, 1215, 765
2025/03/22 04:13:47.643, 1, 96, 105.87, 1215, 765
2025/03/22 04:13:48.646, 1, 96, 106.87, 1215, 765
2025/03/22 04:13:49.651, 1, 96, 105.93, 1215, 765
2025/03/22 04:13:50.654, 1, 96, 106.58, 1215, 765
2025/03/22 04:13:51.658, 1, 97, 109.11, 1215, 765
2025/03/22 04:13:52.662, 1, 97, 106.01, 1215, 765
2025/03/22 04:13:53.665, 1, 96, 108.83, 1215, 765
2025/03/22 04:13:54.668, 1, 96, 105.59, 1215, 765
2025/03/22 04:13:55.674, 1, 96, 105.90, 1215, 765
2025/03/22 04:13:56.679, 1, 96, 108.28, 1215, 765
2025/03/22 04:13:57.684, 1, 96, 108.15, 1215, 765
2025/03/22 04:13:58.687, 1, 96, 105.95, 1215, 765
2025/03/22 04:13:59.691, 1, 97, 106.66, 1215, 765
2025/03/22 04:14:00.697, 1, 96, 108.86, 1215, 765
2025/03/22 04:14:01.700, 1, 97, 107.72, 1215, 765
2025/03/22 04:14:02.705, 1, 96, 106.72, 1215, 765
2025/03/22 04:14:03.710, 1, 96, 105.71, 1215, 765
2025/03/22 04:14:04.719, 1, 96, 108.12, 1215, 765
2025/03/22 04:14:05.722, 1, 96, 108.15, 1215, 765
2025/03/22 04:14:06.725, 1, 96, 109.11, 1215, 765
2025/03/22 04:14:07.728, 1, 96, 109.24, 1215, 765
2025/03/22 04:14:08.731, 1, 97, 108.44, 1215, 765
2025/03/22 04:14:09.736, 1, 97, 106.04, 1215, 765
2025/03/22 04:14:10.739, 1, 96, 108.08, 1215, 765
2025/03/22 04:14:11.744, 1, 95, 106.68, 1215, 765
2025/03/22 04:14:12.749, 1, 96, 109.41, 1215, 765
2025/03/22 04:14:13.754, 1, 96, 108.61, 1215, 765
2025/03/22 04:14:14.758, 1, 97, 108.54, 1215, 765
2025/03/22 04:14:15.763, 1, 96, 106.44, 1215, 765
2025/03/22 04:14:16.770, 1, 96, 113.26, 1215, 765
2025/03/22 04:14:17.773, 1, 96, 106.06, 1215, 765
2025/03/22 04:14:18.776, 1, 96, 106.29, 1215, 765
2025/03/22 04:14:19.779, 1, 96, 106.73, 1215, 765
2025/03/22 04:14:20.782, 1, 96, 107.62, 1215, 765
2025/03/22 04:14:21.791, 1, 96, 104.15, 1215, 765
2025/03/22 04:14:22.796, 1, 96, 108.18, 1215, 765
2025/03/22 04:14:23.800, 1, 97, 105.57, 1215, 765
2025/03/22 04:14:24.803, 1, 96, 109.91, 1215, 765
2025/03/22 04:14:25.808, 1, 96, 106.61, 1215, 765
2025/03/22 04:14:26.811, 1, 96, 106.67, 1215, 765
2025/03/22 04:14:27.814, 1, 96, 105.46, 1215, 765
2025/03/22 04:14:28.819, 1, 97, 109.34, 1215, 765
2025/03/22 04:14:29.824, 1, 97, 107.41, 1215, 765
2025/03/22 04:14:30.829, 1, 95, 108.00, 1215, 765
2025/03/22 04:14:31.832, 1, 96, 110.57, 1215, 765
2025/03/22 04:14:32.835, 1, 96, 108.83, 1215, 765
2025/03/22 04:14:33.838, 1, 96, 108.09, 1215, 765
2025/03/22 04:14:34.841, 1, 97, 107.34, 1215, 765
2025/03/22 04:14:35.844, 1, 96, 104.97, 1215, 765
2025/03/22 04:14:36.849, 1, 97, 108.33, 1215, 765
2025/03/22 04:14:37.852, 1, 96, 106.65, 1215, 765
2025/03/22 04:14:38.855, 1, 96, 108.43, 1215, 765
2025/03/22 04:14:39.858, 1, 97, 108.51, 1215, 765
2025/03/22 04:14:40.861, 1, 96, 108.61, 1215, 765
2025/03/22 04:14:41.866, 1, 96, 103.75, 1215, 765
2025/03/22 04:14:42.870, 1, 96, 108.22, 1215, 765
2025/03/22 04:14:43.873, 1, 96, 111.61, 1215, 765
2025/03/22 04:14:44.878, 1, 96, 108.23, 1215, 765
2025/03/22 04:14:45.885, 1, 96, 108.71, 1215, 765
2025/03/22 04:14:46.890, 1, 96, 107.73, 1215, 765
2025/03/22 04:14:47.893, 1, 96, 107.53, 1215, 765
2025/03/22 04:14:48.898, 1, 96, 109.11, 1215, 765
2025/03/22 04:14:49.901, 1, 96, 108.03, 1215, 765
2025/03/22 04:14:50.904, 1, 96, 106.75, 1215, 765
2025/03/22 04:14:51.909, 1, 96, 107.82, 1215, 765
2025/03/22 04:14:52.914, 1, 96, 107.23, 1215, 765
2025/03/22 04:14:53.917, 1, 96, 106.94, 1215, 765
2025/03/22 04:14:54.920, 1, 96, 110.80, 1215, 765
2025/03/22 04:14:55.923, 1, 97, 107.71, 1215, 765
2025/03/22 04:14:56.926, 1, 95, 109.21, 1215, 765
2025/03/22 04:14:57.929, 1, 96, 106.45, 1215, 765
2025/03/22 04:14:58.935, 1, 96, 107.23, 1215, 765
2025/03/22 04:14:59.938, 1, 96, 106.42, 1215, 765
2025/03/22 04:15:00.944, 1, 96, 106.36, 1215, 765
2025/03/22 04:15:01.947, 1, 97, 108.61, 1215, 765
2025/03/22 04:15:02.950, 1, 90, 60.22, 1215, 765
2025/03/22 04:15:03.955, 1, 90, 104.39, 1215, 765
2025/03/22 04:15:04.963, 1, 96, 108.69, 1215, 765
2025/03/22 04:15:05.968, 1, 94, 105.46, 1215, 765
2025/03/22 04:15:06.971, 1, 96, 106.04, 1215, 765
2025/03/22 04:15:07.977, 1, 94, 103.38, 1215, 765
2025/03/22 04:15:08.980, 1, 96, 107.51, 1215, 765
2025/03/22 04:15:09.985, 1, 95, 108.93, 1215, 765
2025/03/22 04:15:10.990, 1, 96, 104.03, 1215, 765
2025/03/22 04:15:11.998, 1, 96, 106.53, 1215, 765
2025/03/22 04:15:13.005, 1, 96, 105.31, 1215, 765
2025/03/22 04:15:14.008, 1, 97, 109.50, 1215, 765
2025/03/22 04:15:15.011, 1, 96, 107.90, 1215, 765
2025/03/22 04:15:16.014, 1, 97, 109.48, 1215, 765
2025/03/22 04:15:17.018, 1, 0, 40.94, 1215, 765
2025/03/22 04:15:18.022, 1, 0, 40.42, 1215, 765
2025/03/22 04:15:19.027, 1, 0, 40.52, 1215, 765
